{"cameraMode":{"drawMode":0,"name":"Shaded","section":"Shading Mode"},"sceneLighting":true,"audioPlay":false,"sceneViewState":{"m_AlwaysRefresh":false,"showFog":true,"showSkybox":true,"showFlares":true,"showImageEffects":true,"showParticleSystems":true,"showVisualEffectGraphs":true,"m_FxEnabled":false},"in2DMode":false,"pivot":{"x":21.927459716796876,"y":0.09828567504882813,"z":33.560028076171878},"rotation":{"x":0.2215537577867508,"y":0.180450901389122,"z":-0.04175854101777077,"w":0.9573971629142761},"size":11.411661148071289,"orthographic":false}